{"global_step": 600, "_timestamp": 1705148624.3121235, "Reward / Instantaneous reward (max)": 44.882450103759766, "Reward / Instantaneous reward (min)": -1.4725158214569092, "Reward / Instantaneous reward (mean)": 1.627567172050476, "_runtime": 96.67703747749329, "_step": 6, "Reward / Total reward (max)": 4129.982421875, "Reward / Total reward (min)": -214.945556640625, "Reward / Total reward (mean)": 90.34059143066406, "Episode / Total timesteps (max)": 300.0, "Episode / Total timesteps (min)": 1.0, "Episode / Total timesteps (mean)": 57.0521354675293, "Loss / Policy loss": -0.007627659477293491, "Loss / Value loss": 1.039111614227295, "Loss / Entropy loss": -0.014141152612864971, "Learning / Learning rate (policy)": 0.0001316872367169708, "Learning / Learning rate (value)": 0.0001316872367169708}